photo,set,degrees_off_square,markers_decoded,markers,codes_read,refused_at_40,shots_on_scan,marks_found,shots_matched,extra_marks,shots_missed,median_from_scan_in,worst_from_scan_in
b01,second,2.0,34,34,yes,no,25,25,25,0,0,0.017,0.035
a01,first,2.8,34,34,yes,no,25,25,25,0,0,0.016,0.038
a06,first,13.8,34,34,yes,no,25,25,25,0,0,0.013,0.034
a02,first,17.2,34,34,yes,no,25,25,25,0,0,0.016,0.043
b02,second,17.6,34,34,yes,no,25,25,25,0,0,0.019,0.038
a07,first,26.1,32,34,yes,no,25,25,25,0,0,0.016,0.027
b03,second,26.4,34,34,yes,no,25,25,25,0,0,0.016,0.051
a03,first,30.4,34,34,yes,no,25,26,25,1,0,0.019,0.048
b04,second,33.9,32,34,yes,no,25,25,25,0,0,0.017,0.057
a08,first,36.2,26,34,no,no,25,25,25,0,0,0.018,0.029
a04,first,38.5,24,34,yes,no,25,30,25,5,0,0.022,0.069
b05,second,41.0,25,34,yes,yes,25,27,25,2,0,0.021,0.061
a09,first,45.9,21,34,yes,yes,25,25,23,2,2,0.02,0.037
a05,first,47.5,16,34,no,no,25,30,24,6,1,0.025,0.085
a10,first,50.4,19,34,no,no,25,41,24,17,1,0.031,0.075
b08,second,58.5,13,34,no,no,25,32,24,8,1,0.052,0.1
b06,second,61.8,21,34,yes,yes,25,23,20,3,5,0.026,0.09
b09,second,63.6,9,34,no,no,25,36,8,28,17,0.026,0.049
b07,second,66.1,18,34,no,no,25,24,21,3,4,0.025,0.066
