scorer,scope,magnification,distance_yd,design,score,note
the developer,Razor HD Gen III 6-36x56,10,100,A,0,
the developer,Razor HD Gen III 6-36x56,10,100,B,1,
the developer,Razor HD Gen III 6-36x56,10,100,C,2,
the developer,Razor HD Gen III 6-36x56,10,100,D,1,
the developer,Razor HD Gen III 6-36x56,10,100,E,2,
the developer,Razor HD Gen III 6-36x56,10,100,F,1,
the developer,Razor HD Gen III 6-36x56,10,100,G,1,
the developer,Razor HD Gen III 6-36x56,10,100,H,2,
the developer,Razor HD Gen III 6-36x56,10,100,I,2,
the developer,Razor HD Gen III 6-36x56,18,100,A,1,
the developer,Razor HD Gen III 6-36x56,18,100,B,2,
the developer,Razor HD Gen III 6-36x56,18,100,C,2,
the developer,Razor HD Gen III 6-36x56,18,100,D,2,
the developer,Razor HD Gen III 6-36x56,18,100,E,2,
the developer,Razor HD Gen III 6-36x56,18,100,F,2,
the developer,Razor HD Gen III 6-36x56,18,100,G,2,
the developer,Razor HD Gen III 6-36x56,18,100,H,2,
the developer,Razor HD Gen III 6-36x56,18,100,I,2,
the developer,Razor HD Gen III 6-36x56,25,100,A,2,
the developer,Razor HD Gen III 6-36x56,25,100,B,2,
the developer,Razor HD Gen III 6-36x56,25,100,C,2,
the developer,Razor HD Gen III 6-36x56,25,100,D,2,
the developer,Razor HD Gen III 6-36x56,25,100,E,2,
the developer,Razor HD Gen III 6-36x56,25,100,F,2,
the developer,Razor HD Gen III 6-36x56,25,100,G,2,
the developer,Razor HD Gen III 6-36x56,25,100,H,2,
the developer,Razor HD Gen III 6-36x56,25,100,I,2,
the developer,Razor HD Gen III 6-36x56,36,100,A,2,
the developer,Razor HD Gen III 6-36x56,36,100,B,2,
the developer,Razor HD Gen III 6-36x56,36,100,C,2,
the developer,Razor HD Gen III 6-36x56,36,100,D,2,
the developer,Razor HD Gen III 6-36x56,36,100,E,2,
the developer,Razor HD Gen III 6-36x56,36,100,F,2,
the developer,Razor HD Gen III 6-36x56,36,100,G,2,
the developer,Razor HD Gen III 6-36x56,36,100,H,2,
the developer,Razor HD Gen III 6-36x56,36,100,I,2,
the developer,DNT TheOne 7-35x56,10,100,A,0,
the developer,DNT TheOne 7-35x56,10,100,B,1,
the developer,DNT TheOne 7-35x56,10,100,C,2,
the developer,DNT TheOne 7-35x56,10,100,D,1,
the developer,DNT TheOne 7-35x56,10,100,E,2,
the developer,DNT TheOne 7-35x56,10,100,F,2,
the developer,DNT TheOne 7-35x56,10,100,G,1,
the developer,DNT TheOne 7-35x56,10,100,H,2,
the developer,DNT TheOne 7-35x56,10,100,I,1,
the developer,DNT TheOne 7-35x56,18,100,A,1,
the developer,DNT TheOne 7-35x56,18,100,B,2,
the developer,DNT TheOne 7-35x56,18,100,C,2,
the developer,DNT TheOne 7-35x56,18,100,D,2,
the developer,DNT TheOne 7-35x56,18,100,E,2,
the developer,DNT TheOne 7-35x56,18,100,F,2,
the developer,DNT TheOne 7-35x56,18,100,G,2,
the developer,DNT TheOne 7-35x56,18,100,H,2,
the developer,DNT TheOne 7-35x56,18,100,I,2,
the developer,DNT TheOne 7-35x56,25,100,A,2,
the developer,DNT TheOne 7-35x56,25,100,B,2,
the developer,DNT TheOne 7-35x56,25,100,C,2,
the developer,DNT TheOne 7-35x56,25,100,D,2,
the developer,DNT TheOne 7-35x56,25,100,E,2,
the developer,DNT TheOne 7-35x56,25,100,F,2,
the developer,DNT TheOne 7-35x56,25,100,G,2,
the developer,DNT TheOne 7-35x56,25,100,H,2,
the developer,DNT TheOne 7-35x56,25,100,I,2,
the developer,DNT TheOne 7-35x56,35,100,A,2,
the developer,DNT TheOne 7-35x56,35,100,B,2,
the developer,DNT TheOne 7-35x56,35,100,C,2,
the developer,DNT TheOne 7-35x56,35,100,D,2,
the developer,DNT TheOne 7-35x56,35,100,E,2,
the developer,DNT TheOne 7-35x56,35,100,F,2,
the developer,DNT TheOne 7-35x56,35,100,G,2,
the developer,DNT TheOne 7-35x56,35,100,H,2,
the developer,DNT TheOne 7-35x56,35,100,I,2,
the developer,Strike Eagle 5-25x56,10,100,A,0,"written like an 8; confirmed 0 by the developer (entry 237)"
the developer,Strike Eagle 5-25x56,10,100,B,1,
the developer,Strike Eagle 5-25x56,10,100,C,2,
the developer,Strike Eagle 5-25x56,10,100,D,1,
the developer,Strike Eagle 5-25x56,10,100,E,2,
the developer,Strike Eagle 5-25x56,10,100,F,2,
the developer,Strike Eagle 5-25x56,10,100,G,1,
the developer,Strike Eagle 5-25x56,10,100,H,1,
the developer,Strike Eagle 5-25x56,10,100,I,2,
the developer,Strike Eagle 5-25x56,18,100,A,0,"written like an 8; confirmed 0 by the developer (entry 237)"
the developer,Strike Eagle 5-25x56,18,100,B,2,
the developer,Strike Eagle 5-25x56,18,100,C,2,
the developer,Strike Eagle 5-25x56,18,100,D,0,"written like a 0 with a tail; confirmed 0 by the developer (entry 237)"
the developer,Strike Eagle 5-25x56,18,100,E,2,
the developer,Strike Eagle 5-25x56,18,100,F,2,
the developer,Strike Eagle 5-25x56,18,100,G,1,
the developer,Strike Eagle 5-25x56,18,100,H,2,
the developer,Strike Eagle 5-25x56,18,100,I,2,
the developer,Strike Eagle 5-25x56,25,100,A,1,
the developer,Strike Eagle 5-25x56,25,100,B,2,
the developer,Strike Eagle 5-25x56,25,100,C,2,
the developer,Strike Eagle 5-25x56,25,100,D,1,
the developer,Strike Eagle 5-25x56,25,100,E,2,
the developer,Strike Eagle 5-25x56,25,100,F,2,
the developer,Strike Eagle 5-25x56,25,100,G,1,
the developer,Strike Eagle 5-25x56,25,100,H,2,
the developer,Strike Eagle 5-25x56,25,100,I,2,
the developer,PLxC 1-8x24 (FFP),4,100,A,0,
the developer,PLxC 1-8x24 (FFP),4,100,B,0,
the developer,PLxC 1-8x24 (FFP),4,100,C,0,
the developer,PLxC 1-8x24 (FFP),4,100,D,0,
the developer,PLxC 1-8x24 (FFP),4,100,E,0,
the developer,PLxC 1-8x24 (FFP),4,100,F,0,
the developer,PLxC 1-8x24 (FFP),4,100,G,0,
the developer,PLxC 1-8x24 (FFP),4,100,H,1,
the developer,PLxC 1-8x24 (FFP),4,100,I,2,
the developer,PLxC 1-8x24 (FFP),6,100,A,0,"printed 8x at 100 yd; the developer wrote 6x over it"
the developer,PLxC 1-8x24 (FFP),6,100,B,0,"printed 8x at 100 yd; the developer wrote 6x over it"
the developer,PLxC 1-8x24 (FFP),6,100,C,1,"printed 8x at 100 yd; the developer wrote 6x over it"
the developer,PLxC 1-8x24 (FFP),6,100,D,0,"printed 8x at 100 yd; the developer wrote 6x over it"
the developer,PLxC 1-8x24 (FFP),6,100,E,1,"printed 8x at 100 yd; the developer wrote 6x over it"
the developer,PLxC 1-8x24 (FFP),6,100,F,0,"printed 8x at 100 yd; the developer wrote 6x over it"
the developer,PLxC 1-8x24 (FFP),6,100,G,1,"printed 8x at 100 yd; the developer wrote 6x over it"
the developer,PLxC 1-8x24 (FFP),6,100,H,1,"printed 8x at 100 yd; the developer wrote 6x over it"
the developer,PLxC 1-8x24 (FFP),6,100,I,2,"printed 8x at 100 yd; the developer wrote 6x over it"
the developer,PLxC 1-8x24 (FFP),8,100,A,0,"printed 8x at 50 yd; tested at 100 yd (entry 230 section 2.6)"
the developer,PLxC 1-8x24 (FFP),8,100,B,0,"printed 8x at 50 yd; tested at 100 yd (entry 230 section 2.6)"
the developer,PLxC 1-8x24 (FFP),8,100,C,1,"printed 8x at 50 yd; tested at 100 yd (entry 230 section 2.6)"
the developer,PLxC 1-8x24 (FFP),8,100,D,1,"printed 8x at 50 yd; tested at 100 yd (entry 230 section 2.6)"
the developer,PLxC 1-8x24 (FFP),8,100,E,1,"printed 8x at 50 yd; tested at 100 yd (entry 230 section 2.6)"
the developer,PLxC 1-8x24 (FFP),8,100,F,1,"printed 8x at 50 yd; tested at 100 yd (entry 230 section 2.6)"
the developer,PLxC 1-8x24 (FFP),8,100,G,1,"printed 8x at 50 yd; tested at 100 yd (entry 230 section 2.6)"
the developer,PLxC 1-8x24 (FFP),8,100,H,2,"printed 8x at 50 yd; tested at 100 yd (entry 230 section 2.6)"
the developer,PLxC 1-8x24 (FFP),8,100,I,2,"printed 8x at 50 yd; tested at 100 yd (entry 230 section 2.6)"
Justin,Razor HD Gen III 6-36x56,10,100,A,0,
Justin,Razor HD Gen III 6-36x56,10,100,B,1,
Justin,Razor HD Gen III 6-36x56,10,100,C,2,
Justin,Razor HD Gen III 6-36x56,10,100,D,0,
Justin,Razor HD Gen III 6-36x56,10,100,E,2,
Justin,Razor HD Gen III 6-36x56,10,100,F,1,
Justin,Razor HD Gen III 6-36x56,10,100,G,2,
Justin,Razor HD Gen III 6-36x56,10,100,H,2,
Justin,Razor HD Gen III 6-36x56,10,100,I,0,
Justin,Razor HD Gen III 6-36x56,18,100,A,1,
Justin,Razor HD Gen III 6-36x56,18,100,B,2,
Justin,Razor HD Gen III 6-36x56,18,100,C,2,
Justin,Razor HD Gen III 6-36x56,18,100,D,2,
Justin,Razor HD Gen III 6-36x56,18,100,E,2,
Justin,Razor HD Gen III 6-36x56,18,100,F,2,
Justin,Razor HD Gen III 6-36x56,18,100,G,1,
Justin,Razor HD Gen III 6-36x56,18,100,H,1,
Justin,Razor HD Gen III 6-36x56,18,100,I,1,
Justin,Razor HD Gen III 6-36x56,36,100,A,2,"printed max"
Justin,Razor HD Gen III 6-36x56,36,100,B,2,"printed max"
Justin,Razor HD Gen III 6-36x56,36,100,C,2,"printed max"
Justin,Razor HD Gen III 6-36x56,36,100,D,2,"printed max"
Justin,Razor HD Gen III 6-36x56,36,100,E,2,"printed max"
Justin,Razor HD Gen III 6-36x56,36,100,F,2,"printed max"
Justin,Razor HD Gen III 6-36x56,36,100,G,1,"printed max"
Justin,Razor HD Gen III 6-36x56,36,100,H,1,"printed max"
Justin,Razor HD Gen III 6-36x56,36,100,I,2,"printed max"
Justin,DNT TheOne 7-35x56,10,100,A,2,
Justin,DNT TheOne 7-35x56,10,100,B,1,
Justin,DNT TheOne 7-35x56,10,100,C,0,
Justin,DNT TheOne 7-35x56,10,100,D,1,
Justin,DNT TheOne 7-35x56,10,100,E,2,
Justin,DNT TheOne 7-35x56,10,100,F,2,
Justin,DNT TheOne 7-35x56,10,100,G,0,
Justin,DNT TheOne 7-35x56,10,100,H,1,
Justin,DNT TheOne 7-35x56,10,100,I,2,
Justin,DNT TheOne 7-35x56,18,100,A,2,
Justin,DNT TheOne 7-35x56,18,100,B,2,
Justin,DNT TheOne 7-35x56,18,100,C,2,
Justin,DNT TheOne 7-35x56,18,100,D,2,
Justin,DNT TheOne 7-35x56,18,100,E,2,
Justin,DNT TheOne 7-35x56,18,100,F,2,
Justin,DNT TheOne 7-35x56,18,100,G,2,
Justin,DNT TheOne 7-35x56,18,100,H,2,
Justin,DNT TheOne 7-35x56,18,100,I,1,
Justin,DNT TheOne 7-35x56,35,100,A,2,"printed max"
Justin,DNT TheOne 7-35x56,35,100,B,2,"printed max"
Justin,DNT TheOne 7-35x56,35,100,C,2,"printed max"
Justin,DNT TheOne 7-35x56,35,100,D,2,"printed max"
Justin,DNT TheOne 7-35x56,35,100,E,2,"printed max"
Justin,DNT TheOne 7-35x56,35,100,F,2,"printed max"
Justin,DNT TheOne 7-35x56,35,100,G,2,"printed max"
Justin,DNT TheOne 7-35x56,35,100,H,2,"printed max"
Justin,DNT TheOne 7-35x56,35,100,I,2,"printed max"
Justin,PLxC 1-8x24 (FFP),4,100,A,0,"friend's scope row printed 18x; Justin wrote PLxC and 4 over it"
Justin,PLxC 1-8x24 (FFP),4,100,B,0,"friend's scope row printed 18x; Justin wrote PLxC and 4 over it"
Justin,PLxC 1-8x24 (FFP),4,100,C,0,"friend's scope row printed 18x; Justin wrote PLxC and 4 over it"
Justin,PLxC 1-8x24 (FFP),4,100,D,0,"friend's scope row printed 18x; Justin wrote PLxC and 4 over it"
Justin,PLxC 1-8x24 (FFP),4,100,E,1,"friend's scope row printed 18x; Justin wrote PLxC and 4 over it"
Justin,PLxC 1-8x24 (FFP),4,100,F,0,"friend's scope row printed 18x; Justin wrote PLxC and 4 over it"
Justin,PLxC 1-8x24 (FFP),4,100,G,0,"friend's scope row printed 18x; Justin wrote PLxC and 4 over it"
Justin,PLxC 1-8x24 (FFP),4,100,H,0,"friend's scope row printed 18x; Justin wrote PLxC and 4 over it"
Justin,PLxC 1-8x24 (FFP),4,100,I,1,"friend's scope row printed 18x; Justin wrote PLxC and 4 over it"
Justin,PLxC 1-8x24 (FFP),6,100,A,0,"friend's scope row printed max; Justin wrote 6 over it"
Justin,PLxC 1-8x24 (FFP),6,100,B,1,"friend's scope row printed max; Justin wrote 6 over it"
Justin,PLxC 1-8x24 (FFP),6,100,C,1,"friend's scope row printed max; Justin wrote 6 over it"
Justin,PLxC 1-8x24 (FFP),6,100,D,0,"friend's scope row printed max; Justin wrote 6 over it"
Justin,PLxC 1-8x24 (FFP),6,100,E,1,"friend's scope row printed max; Justin wrote 6 over it"
Justin,PLxC 1-8x24 (FFP),6,100,F,2,"friend's scope row printed max; Justin wrote 6 over it"
Justin,PLxC 1-8x24 (FFP),6,100,G,0,"friend's scope row printed max; Justin wrote 6 over it"
Justin,PLxC 1-8x24 (FFP),6,100,H,0,"friend's scope row printed max; Justin wrote 6 over it"
Justin,PLxC 1-8x24 (FFP),6,100,I,2,"friend's scope row printed max; Justin wrote 6 over it"
Justin,PLxC 1-8x24 (FFP),8,100,A,0,"friend's scope row with no magnification; Justin wrote 8"
Justin,PLxC 1-8x24 (FFP),8,100,B,0,"friend's scope row with no magnification; Justin wrote 8"
Justin,PLxC 1-8x24 (FFP),8,100,C,0,"friend's scope row with no magnification; Justin wrote 8"
Justin,PLxC 1-8x24 (FFP),8,100,D,0,"friend's scope row with no magnification; Justin wrote 8"
Justin,PLxC 1-8x24 (FFP),8,100,E,0,"friend's scope row with no magnification; Justin wrote 8"
Justin,PLxC 1-8x24 (FFP),8,100,F,1,"friend's scope row with no magnification; Justin wrote 8"
Justin,PLxC 1-8x24 (FFP),8,100,G,0,"friend's scope row with no magnification; Justin wrote 8"
Justin,PLxC 1-8x24 (FFP),8,100,H,0,"friend's scope row with no magnification; Justin wrote 8"
Justin,PLxC 1-8x24 (FFP),8,100,I,0,"friend's scope row with no magnification; Justin wrote 8"
