sheet,suppressor,bull,right_in,up_in,off_bull
dominus-k,Dominus K,1,-0.514,0.613,no
dominus-k,Dominus K,2,0.017,1.445,yes
dominus-k,Dominus K,3,-0.452,0.527,no
dominus-k,Dominus K,4,-0.024,0.475,no
dominus-k,Dominus K,5,-0.308,0.481,no
dominus-k,Dominus K,6,-0.025,0.447,no
dominus-k,Dominus K,7,-0.346,0.330,no
dominus-k,Dominus K,8,-0.035,0.431,no
dominus-k,Dominus K,9,-0.036,0.077,no
dominus-k,Dominus K,10,0.105,0.013,no
dominus-k,Dominus K,11,0.024,0.362,no
dominus-k,Dominus K,12,-0.216,0.190,no
dominus-k,Dominus K,13,-0.062,-0.176,no
dominus-k,Dominus K,14,0.417,0.306,no
dominus-k,Dominus K,15,0.197,-0.122,no
dominus-k,Dominus K,16,0.312,0.551,no
dominus-k,Dominus K,17,0.434,0.021,no
dominus-k,Dominus K,18,-0.077,-0.125,no
dominus-k,Dominus K,19,0.495,-0.050,no
dominus-k,Dominus K,20,0.335,0.242,no
dominus-k,Dominus K,21,0.257,0.324,no
dominus-k,Dominus K,22,-0.217,-0.296,no
dominus-k,Dominus K,23,0.121,-0.168,no
dominus-k,Dominus K,24,0.503,-0.502,yes
dominus-k,Dominus K,25,0.071,-0.132,no
magnus-s,Magnus S,1,0.195,0.093,no
magnus-s,Magnus S,2,0.645,0.415,no
magnus-s,Magnus S,3,0.284,-0.369,no
magnus-s,Magnus S,4,0.094,-0.213,no
magnus-s,Magnus S,5,-0.601,0.928,yes
magnus-s,Magnus S,6,0.236,0.123,no
magnus-s,Magnus S,7,0.235,-0.117,no
magnus-s,Magnus S,8,0.055,0.015,no
magnus-s,Magnus S,9,0.376,-0.277,no
magnus-s,Magnus S,10,0.317,-0.070,no
magnus-s,Magnus S,11,0.475,0.499,no
magnus-s,Magnus S,12,0.047,0.717,no
magnus-s,Magnus S,13,0.032,0.075,no
magnus-s,Magnus S,14,-0.266,0.143,no
magnus-s,Magnus S,15,-0.108,-0.320,no
magnus-s,Magnus S,16,0.132,-0.239,no
magnus-s,Magnus S,17,0.236,-0.471,no
magnus-s,Magnus S,18,-0.289,-0.424,no
magnus-s,Magnus S,19,-0.135,-0.334,no
magnus-s,Magnus S,20,-0.243,-0.314,no
magnus-s,Magnus S,21,-0.234,-0.106,no
magnus-s,Magnus S,22,-0.185,-0.087,no
magnus-s,Magnus S,23,-0.066,-0.331,no
magnus-s,Magnus S,24,0.330,-0.681,yes
magnus-s,Magnus S,25,0.312,-0.463,no
